prompt_type,n_responses,benford_chi2,benford_p,zipf_slope,zipf_r2
other,503,,,-1.0243669324088809,0.9725371286489232
narrative,154,420.5772876447636,7.401314740916339e-86,-1.0105704399522069,0.9664342977491978
csv_table,168,4618.038977748681,0.0,-1.2435765449262626,0.950339746274247
financial_receipt,216,896.4716176497969,3.2579165164522614e-188,-1.242241929325435,0.9754592732876688
bank_statement,56,850.9943335619752,2.0918607749869154e-178,-1.0043321158108158,0.9603766168153972
sensor_logs,31,394.4989297244738,2.8129624361576225e-80,-0.8440646558376292,0.949157248056287
reviews,8,133.30120627611086,5.847389232585175e-25,-0.7401189049852375,0.9300457210468577
medical,1,17.58409871062889,0.024570103227149705,-1.412505496024369,0.8252060642063387
