topic	model	n_texts	n_numbers	chi2	p	obs_1	obs_2	obs_3	obs_4	obs_5	obs_6	obs_7	obs_8	obs_9	zipf_slope	zipf_r2	zipf_types
other	gpt-3.5-turbo	536	49692	1078.4155373182723	0.0	14227	11111	6467	4546	3785	2375	2346	2604	2231	-1.1645424231241956	0.9771392583514986	4416
other	gpt-4o	514	50724	1181.7687456565338	0.0	14817	11436	6636	4696	3639	2382	2446	2362	2310	-1.1350099781064336	0.9760796965055865	6990
other	gpt-5-nano	432	39387	4590.417301837314	0.0	10340	10435	4647	2860	2523	1639	1647	1757	3539	-1.0954754970303318	0.9761919162257877	6825
